"Vendedor confi vel, produto ok e entrega antes do prazo."
Loja nota 10
"Recomendo ,"
"T“ completamente apaixonada, loja super respons vel e confi vel!"
Muito bom. muito cheiroso.
MT lindo
Recomendo o vendedor... 
O kit mochila patrulha canina ‚ lindo!! Meu netinho vai amar!! Obrigada!!
Super r pido.
OK RECOMENDO
Gostei da aten‡„o com a entrega
"Espero receber esta semana, o que n„o seria t„o extravagante, por‚m...mais atrazo do que isso me faria desistir do baratheon."
Muito bom alta qualidade!
"chegou dentro do prazo e o produto ‚ de excelente qualidade! Acabou as dores nas costas, estou dormindo muito bem!"
Recomendo
super recomendo produto profissional de qualidade
muito bom e rapido quando vi ja tinha chegado
"Entregue dentro do prazo, e com bom per¡odo de validade."
produto de qualidade e eficiˆncia na entrega. recebi muito antes do combinado. recomendo
Produto bom veio no dentro do prazo chegou em 08 dias est„o de parab‚ns. 
entrega rapida
